PassengerId,Survived,Pclass,Sex,Age,SibSp,Parch,Fare,Embarked,Total_Members,Title,Cabin_Codes,Age_Group,Multiply,fare_per_person
1,0,3,male,22.0,1,0,7.25,S,1,Mr,No_Cabin,3,66.0,3.625
2,1,1,female,38.0,1,0,71.2833,C,1,Mr,C,3,38.0,35.64165
3,1,3,female,26.0,0,0,7.925,S,0,Miss,No_Cabin,3,78.0,7.925
4,1,1,female,35.0,1,0,53.1,S,1,Mr,C,3,35.0,26.55
5,0,3,male,35.0,0,0,8.05,S,0,Mr,No_Cabin,3,105.0,8.05
6,0,3,male,24.0,0,0,8.4583,Q,0,Mr,No_Cabin,3,72.0,8.4583
7,0,1,male,54.0,0,0,51.8625,S,0,Mr,E,4,54.0,51.8625
8,0,3,male,2.0,3,1,21.075,S,4,Master,No_Cabin,2,6.0,4.215
9,1,3,female,27.0,0,2,11.1333,S,2,Mr,No_Cabin,3,81.0,3.7111
10,1,2,female,14.0,1,0,30.0708,C,1,Mr,No_Cabin,2,28.0,15.0354
11,1,3,female,4.0,1,1,16.7,S,2,Miss,G,2,12.0,5.566666666666666
12,1,1,female,58.0,0,0,26.55,S,0,Miss,C,4,58.0,26.55
13,0,3,male,20.0,0,0,8.05,S,0,Mr,No_Cabin,3,60.0,8.05
14,0,3,male,39.0,1,5,31.275,S,6,Mr,No_Cabin,3,117.0,4.4678571428571425
15,0,3,female,14.0,0,0,7.8542,S,0,Miss,No_Cabin,2,42.0,7.8542
16,1,2,female,55.0,0,0,16.0,S,0,Mr,No_Cabin,4,110.0,16.0
17,0,3,male,2.0,4,1,29.125,Q,5,Master,No_Cabin,2,6.0,4.854166666666667
18,1,2,male,30.0,0,0,13.0,S,0,Mr,No_Cabin,3,60.0,13.0
19,0,3,female,31.0,1,0,18.0,S,1,Mr,No_Cabin,3,93.0,9.0
20,1,3,female,22.0,0,0,7.225,C,0,Mr,No_Cabin,3,66.0,7.225
21,0,2,male,35.0,0,0,26.0,S,0,Mr,No_Cabin,3,70.0,26.0
22,1,2,male,34.0,0,0,13.0,S,0,Mr,D,3,68.0,13.0
23,1,3,female,15.0,0,0,8.0292,Q,0,Miss,No_Cabin,2,45.0,8.0292
24,1,1,male,28.0,0,0,35.5,S,0,Mr,A,3,28.0,35.5
25,0,3,female,8.0,3,1,21.075,S,4,Miss,No_Cabin,2,24.0,4.215
26,1,3,female,38.0,1,5,31.3875,S,6,Mr,No_Cabin,3,114.0,4.483928571428572
27,0,3,male,24.0,0,0,7.225,C,0,Mr,No_Cabin,3,72.0,7.225
28,0,1,male,19.0,3,2,263.0,S,5,Mr,C,2,19.0,43.833333333333336
29,1,3,female,22.0,0,0,7.8792,Q,0,Miss,No_Cabin,3,66.0,7.8792
30,0,3,male,24.0,0,0,7.8958,S,0,Mr,No_Cabin,3,72.0,7.8958
31,0,1,male,40.0,0,0,27.7208,C,0,Don,No_Cabin,4,40.0,27.7208
32,1,1,female,35.0,1,0,146.5208,C,1,Mr,B,3,35.0,73.2604
33,1,3,female,22.0,0,0,7.75,Q,0,Miss,No_Cabin,3,66.0,7.75
34,0,2,male,66.0,0,0,10.5,S,0,Mr,No_Cabin,5,132.0,10.5
35,0,1,male,28.0,1,0,82.1708,C,1,Mr,No_Cabin,3,28.0,41.0854
36,0,1,male,42.0,1,0,52.0,S,1,Mr,No_Cabin,4,42.0,26.0
37,1,3,male,24.0,0,0,7.2292,C,0,Mr,No_Cabin,3,72.0,7.2292
38,0,3,male,21.0,0,0,8.05,S,0,Mr,No_Cabin,3,63.0,8.05
39,0,3,female,18.0,2,0,18.0,S,2,Miss,No_Cabin,2,54.0,6.0
40,1,3,female,14.0,1,0,11.2417,C,1,Miss,No_Cabin,2,42.0,5.62085
41,0,3,female,40.0,1,0,9.475,S,1,Mr,No_Cabin,4,120.0,4.7375
42,0,2,female,27.0,1,0,21.0,S,1,Mr,No_Cabin,3,54.0,10.5
43,0,3,male,24.0,0,0,7.8958,C,0,Mr,No_Cabin,3,72.0,7.8958
44,1,2,female,3.0,1,2,41.5792,C,3,Miss,No_Cabin,2,6.0,10.3948
45,1,3,female,19.0,0,0,7.8792,Q,0,Miss,No_Cabin,2,57.0,7.8792
46,0,3,male,24.0,0,0,8.05,S,0,Mr,No_Cabin,3,72.0,8.05
47,0,3,male,24.0,1,0,15.5,Q,1,Mr,No_Cabin,3,72.0,7.75
48,1,3,female,22.0,0,0,7.75,Q,0,Miss,No_Cabin,3,66.0,7.75
49,0,3,male,24.0,2,0,21.6792,C,2,Mr,No_Cabin,3,72.0,7.226400000000001
50,0,3,female,18.0,1,0,17.8,S,1,Mr,No_Cabin,2,54.0,8.9
51,0,3,male,7.0,4,1,39.6875,S,5,Master,No_Cabin,2,21.0,6.614583333333333
52,0,3,male,21.0,0,0,7.8,S,0,Mr,No_Cabin,3,63.0,7.8
53,1,1,female,49.0,1,0,76.7292,C,1,Mr,D,4,49.0,38.3646
54,1,2,female,29.0,1,0,26.0,S,1,Mr,No_Cabin,3,58.0,13.0
55,0,1,male,65.0,0,1,61.9792,C,1,Mr,B,5,65.0,30.9896
56,1,1,male,40.0,0,0,35.5,S,0,Mr,C,4,40.0,35.5
57,1,2,female,21.0,0,0,10.5,S,0,Miss,No_Cabin,3,42.0,10.5
58,0,3,male,28.5,0,0,7.2292,C,0,Mr,No_Cabin,3,85.5,7.2292
59,1,2,female,5.0,1,2,27.75,S,3,Miss,No_Cabin,2,10.0,6.9375
60,0,3,male,11.0,5,2,46.9,S,7,Master,No_Cabin,2,33.0,5.8625
61,0,3,male,22.0,0,0,7.2292,C,0,Mr,No_Cabin,3,66.0,7.2292
62,1,1,female,38.0,0,0,80.0,C,0,Miss,B,3,38.0,80.0
63,0,1,male,45.0,1,0,83.475,S,1,Mr,C,4,45.0,41.7375
64,0,3,male,4.0,3,2,27.9,S,5,Master,No_Cabin,2,12.0,4.6499999999999995
65,0,1,male,40.0,0,0,27.7208,C,0,Mr,No_Cabin,4,40.0,27.7208
66,1,3,male,24.0,1,1,15.2458,C,2,Master,No_Cabin,3,72.0,5.081933333333333
67,1,2,female,29.0,0,0,10.5,S,0,Mr,F,3,58.0,10.5
68,0,3,male,19.0,0,0,8.1583,S,0,Mr,No_Cabin,2,57.0,8.1583
69,1,3,female,17.0,4,2,7.925,S,6,Miss,No_Cabin,2,51.0,1.1321428571428571
70,0,3,male,26.0,2,0,8.6625,S,2,Mr,No_Cabin,3,78.0,2.8874999999999997
71,0,2,male,32.0,0,0,10.5,S,0,Mr,No_Cabin,3,64.0,10.5
72,0,3,female,16.0,5,2,46.9,S,7,Miss,No_Cabin,2,48.0,5.8625
73,0,2,male,21.0,0,0,73.5,S,0,Mr,No_Cabin,3,42.0,73.5
74,0,3,male,26.0,1,0,14.4542,C,1,Mr,No_Cabin,3,78.0,7.2271
75,1,3,male,32.0,0,0,56.4958,S,0,Mr,No_Cabin,3,96.0,56.4958
76,0,3,male,25.0,0,0,7.65,S,0,Mr,F,3,75.0,7.65
77,0,3,male,24.0,0,0,7.8958,S,0,Mr,No_Cabin,3,72.0,7.8958
78,0,3,male,24.0,0,0,8.05,S,0,Mr,No_Cabin,3,72.0,8.05
79,1,2,male,0.83,0,2,29.0,S,2,Master,No_Cabin,1,1.66,9.666666666666666
80,1,3,female,30.0,0,0,12.475,S,0,Miss,No_Cabin,3,90.0,12.475
81,0,3,male,22.0,0,0,9.0,S,0,Mr,No_Cabin,3,66.0,9.0
82,1,3,male,29.0,0,0,9.5,S,0,Mr,No_Cabin,3,87.0,9.5
83,1,3,female,22.0,0,0,7.7875,Q,0,Miss,No_Cabin,3,66.0,7.7875
84,0,1,male,28.0,0,0,47.1,S,0,Mr,No_Cabin,3,28.0,47.1
85,1,2,female,17.0,0,0,10.5,S,0,Miss,No_Cabin,2,34.0,10.5
86,1,3,female,33.0,3,0,15.85,S,3,Mr,No_Cabin,3,99.0,3.9625
87,0,3,male,16.0,1,3,34.375,S,4,Mr,No_Cabin,2,48.0,6.875
88,0,3,male,24.0,0,0,8.05,S,0,Mr,No_Cabin,3,72.0,8.05
89,1,1,female,23.0,3,2,263.0,S,5,Miss,C,3,23.0,43.833333333333336
90,0,3,male,24.0,0,0,8.05,S,0,Mr,No_Cabin,3,72.0,8.05
91,0,3,male,29.0,0,0,8.05,S,0,Mr,No_Cabin,3,87.0,8.05
92,0,3,male,20.0,0,0,7.8542,S,0,Mr,No_Cabin,3,60.0,7.8542
93,0,1,male,46.0,1,0,61.175,S,1,Mr,E,4,46.0,30.5875
94,0,3,male,26.0,1,2,20.575,S,3,Mr,No_Cabin,3,78.0,5.14375
95,0,3,male,59.0,0,0,7.25,S,0,Mr,No_Cabin,4,177.0,7.25
96,0,3,male,24.0,0,0,8.05,S,0,Mr,No_Cabin,3,72.0,8.05
97,0,1,male,71.0,0,0,34.6542,C,0,Mr,A,5,71.0,34.6542
98,1,1,male,23.0,0,1,63.3583,C,1,Mr,D,3,23.0,31.67915
99,1,2,female,34.0,0,1,23.0,S,1,Mr,No_Cabin,3,68.0,11.5
100,0,2,male,34.0,1,0,26.0,S,1,Mr,No_Cabin,3,68.0,13.0
101,0,3,female,28.0,0,0,7.8958,S,0,Miss,No_Cabin,3,84.0,7.8958
102,0,3,male,24.0,0,0,7.8958,S,0,Mr,No_Cabin,3,72.0,7.8958
103,0,1,male,21.0,0,1,77.2875,S,1,Mr,D,3,21.0,38.64375
104,0,3,male,33.0,0,0,8.6542,S,0,Mr,No_Cabin,3,99.0,8.6542
105,0,3,male,37.0,2,0,7.925,S,2,Mr,No_Cabin,3,111.0,2.6416666666666666
106,0,3,male,28.0,0,0,7.8958,S,0,Mr,No_Cabin,3,84.0,7.8958
107,1,3,female,21.0,0,0,7.65,S,0,Miss,No_Cabin,3,63.0,7.65
108,1,3,male,24.0,0,0,7.775,S,0,Mr,No_Cabin,3,72.0,7.775
109,0,3,male,38.0,0,0,7.8958,S,0,Mr,No_Cabin,3,114.0,7.8958
110,1,3,female,22.0,1,0,24.15,Q,1,Miss,No_Cabin,3,66.0,12.075
111,0,1,male,47.0,0,0,52.0,S,0,Mr,C,4,47.0,52.0
112,0,3,female,14.5,1,0,14.4542,C,1,Miss,No_Cabin,2,43.5,7.2271
113,0,3,male,22.0,0,0,8.05,S,0,Mr,No_Cabin,3,66.0,8.05
114,0,3,female,20.0,1,0,9.825,S,1,Miss,No_Cabin,3,60.0,4.9125
115,0,3,female,17.0,0,0,14.4583,C,0,Miss,No_Cabin,2,51.0,14.4583
116,0,3,male,21.0,0,0,7.925,S,0,Mr,No_Cabin,3,63.0,7.925
117,0,3,male,70.5,0,0,7.75,Q,0,Mr,No_Cabin,5,211.5,7.75
118,0,2,male,29.0,1,0,21.0,S,1,Mr,No_Cabin,3,58.0,10.5
119,0,1,male,24.0,0,1,247.5208,C,1,Mr,B,3,24.0,123.7604
120,0,3,female,2.0,4,2,31.275,S,6,Miss,No_Cabin,2,6.0,4.4678571428571425
121,0,2,male,21.0,2,0,73.5,S,2,Mr,No_Cabin,3,42.0,24.5
122,0,3,male,24.0,0,0,8.05,S,0,Mr,No_Cabin,3,72.0,8.05
123,0,2,male,32.5,1,0,30.0708,C,1,Mr,No_Cabin,3,65.0,15.0354
124,1,2,female,32.5,0,0,13.0,S,0,Miss,E,3,65.0,13.0
125,0,1,male,54.0,0,1,77.2875,S,1,Mr,D,4,54.0,38.64375
126,1,3,male,12.0,1,0,11.2417,C,1,Master,No_Cabin,2,36.0,5.62085
127,0,3,male,24.0,0,0,7.75,Q,0,Mr,No_Cabin,3,72.0,7.75
128,1,3,male,24.0,0,0,7.1417,S,0,Mr,No_Cabin,3,72.0,7.1417
129,1,3,female,22.0,1,1,22.3583,C,2,Miss,F,3,66.0,7.452766666666666
130,0,3,male,45.0,0,0,6.975,S,0,Mr,No_Cabin,4,135.0,6.975
131,0,3,male,33.0,0,0,7.8958,C,0,Mr,No_Cabin,3,99.0,7.8958
132,0,3,male,20.0,0,0,7.05,S,0,Mr,No_Cabin,3,60.0,7.05
133,0,3,female,47.0,1,0,14.5,S,1,Mr,No_Cabin,4,141.0,7.25
134,1,2,female,29.0,1,0,26.0,S,1,Mr,No_Cabin,3,58.0,13.0
135,0,2,male,25.0,0,0,13.0,S,0,Mr,No_Cabin,3,50.0,13.0
136,0,2,male,23.0,0,0,15.0458,C,0,Mr,No_Cabin,3,46.0,15.0458
137,1,1,female,19.0,0,2,26.2833,S,2,Miss,D,2,19.0,8.7611
138,0,1,male,37.0,1,0,53.1,S,1,Mr,C,3,37.0,26.55
139,0,3,male,16.0,0,0,9.2167,S,0,Mr,No_Cabin,2,48.0,9.2167
140,0,1,male,24.0,0,0,79.2,C,0,Mr,B,3,24.0,79.2
141,0,3,female,22.0,0,2,15.2458,C,2,Mr,No_Cabin,3,66.0,5.081933333333333
142,1,3,female,22.0,0,0,7.75,S,0,Miss,No_Cabin,3,66.0,7.75
143,1,3,female,24.0,1,0,15.85,S,1,Mr,No_Cabin,3,72.0,7.925
144,0,3,male,19.0,0,0,6.75,Q,0,Mr,No_Cabin,2,57.0,6.75
145,0,2,male,18.0,0,0,11.5,S,0,Mr,No_Cabin,2,36.0,11.5
146,0,2,male,19.0,1,1,36.75,S,2,Mr,No_Cabin,2,38.0,12.25
147,1,3,male,27.0,0,0,7.7958,S,0,Mr,No_Cabin,3,81.0,7.7958
148,0,3,female,9.0,2,2,34.375,S,4,Miss,No_Cabin,2,27.0,6.875
149,0,2,male,36.5,0,2,26.0,S,2,Mr,F,3,73.0,8.666666666666666
150,0,2,male,42.0,0,0,13.0,S,0,Rev,No_Cabin,4,84.0,13.0
151,0,2,male,51.0,0,0,12.525,S,0,Rev,No_Cabin,4,102.0,12.525
152,1,1,female,22.0,1,0,66.6,S,1,Mr,C,3,22.0,33.3
153,0,3,male,55.5,0,0,8.05,S,0,Mr,No_Cabin,4,166.5,8.05
154,0,3,male,40.5,0,2,14.5,S,2,Mr,No_Cabin,4,121.5,4.833333333333333
155,0,3,male,24.0,0,0,7.3125,S,0,Mr,No_Cabin,3,72.0,7.3125
156,0,1,male,51.0,0,1,61.3792,C,1,Mr,No_Cabin,4,51.0,30.6896
157,1,3,female,16.0,0,0,7.7333,Q,0,Miss,No_Cabin,2,48.0,7.7333
158,0,3,male,30.0,0,0,8.05,S,0,Mr,No_Cabin,3,90.0,8.05
159,0,3,male,24.0,0,0,8.6625,S,0,Mr,No_Cabin,3,72.0,8.6625
160,0,3,male,24.0,8,2,69.55,S,10,Master,No_Cabin,3,72.0,6.322727272727272
161,0,3,male,44.0,0,1,16.1,S,1,Mr,No_Cabin,4,132.0,8.05
162,1,2,female,40.0,0,0,15.75,S,0,Mr,No_Cabin,4,80.0,15.75
163,0,3,male,26.0,0,0,7.775,S,0,Mr,No_Cabin,3,78.0,7.775
164,0,3,male,17.0,0,0,8.6625,S,0,Mr,No_Cabin,2,51.0,8.6625
165,0,3,male,1.0,4,1,39.6875,S,5,Master,No_Cabin,1,3.0,6.614583333333333
166,1,3,male,9.0,0,2,20.525,S,2,Master,No_Cabin,2,27.0,6.841666666666666
167,1,1,female,35.0,0,1,55.0,S,1,Mr,E,3,35.0,27.5
168,0,3,female,45.0,1,4,27.9,S,5,Mr,No_Cabin,4,135.0,4.6499999999999995
169,0,1,male,40.0,0,0,25.925,S,0,Mr,No_Cabin,4,40.0,25.925
170,0,3,male,28.0,0,0,56.4958,S,0,Mr,No_Cabin,3,84.0,56.4958
171,0,1,male,61.0,0,0,33.5,S,0,Mr,B,5,61.0,33.5
172,0,3,male,4.0,4,1,29.125,Q,5,Master,No_Cabin,2,12.0,4.854166666666667
173,1,3,female,1.0,1,1,11.1333,S,2,Miss,No_Cabin,1,3.0,3.7111
174,0,3,male,21.0,0,0,7.925,S,0,Mr,No_Cabin,3,63.0,7.925
175,0,1,male,56.0,0,0,30.6958,C,0,Mr,A,4,56.0,30.6958
176,0,3,male,18.0,1,1,7.8542,S,2,Mr,No_Cabin,2,54.0,2.6180666666666665
177,0,3,male,24.0,3,1,25.4667,S,4,Master,No_Cabin,3,72.0,5.0933399999999995
178,0,1,female,50.0,0,0,28.7125,C,0,Miss,C,4,50.0,28.7125
179,0,2,male,30.0,0,0,13.0,S,0,Mr,No_Cabin,3,60.0,13.0
180,0,3,male,36.0,0,0,0.0,S,0,Mr,No_Cabin,3,108.0,0.0
181,0,3,female,22.0,8,2,69.55,S,10,Miss,No_Cabin,3,66.0,6.322727272727272
182,0,2,male,30.0,0,0,15.05,C,0,Mr,No_Cabin,3,60.0,15.05
183,0,3,male,9.0,4,2,31.3875,S,6,Master,No_Cabin,2,27.0,4.483928571428572
184,1,2,male,1.0,2,1,39.0,S,3,Master,F,1,2.0,9.75
185,1,3,female,4.0,0,2,22.025,S,2,Miss,No_Cabin,2,12.0,7.341666666666666
186,0,1,male,40.0,0,0,50.0,S,0,Mr,A,4,40.0,50.0
187,1,3,female,22.0,1,0,15.5,Q,1,Mr,No_Cabin,3,66.0,7.75
188,1,1,male,45.0,0,0,26.55,S,0,Mr,No_Cabin,4,45.0,26.55
189,0,3,male,40.0,1,1,15.5,Q,2,Mr,No_Cabin,4,120.0,5.166666666666667
190,0,3,male,36.0,0,0,7.8958,S,0,Mr,No_Cabin,3,108.0,7.8958
191,1,2,female,32.0,0,0,13.0,S,0,Mr,No_Cabin,3,64.0,13.0
192,0,2,male,19.0,0,0,13.0,S,0,Mr,No_Cabin,2,38.0,13.0
193,1,3,female,19.0,1,0,7.8542,S,1,Miss,No_Cabin,2,57.0,3.9271
194,1,2,male,3.0,1,1,26.0,S,2,Master,F,2,6.0,8.666666666666666
195,1,1,female,44.0,0,0,27.7208,C,0,Mr,B,4,44.0,27.7208
196,1,1,female,58.0,0,0,146.5208,C,0,Miss,B,4,58.0,146.5208
197,0,3,male,24.0,0,0,7.75,Q,0,Mr,No_Cabin,3,72.0,7.75
198,0,3,male,42.0,0,1,8.4042,S,1,Mr,No_Cabin,4,126.0,4.2021
199,1,3,female,22.0,0,0,7.75,Q,0,Miss,No_Cabin,3,66.0,7.75
200,0,2,female,24.0,0,0,13.0,S,0,Mr,No_Cabin,3,48.0,13.0
201,0,3,male,28.0,0,0,9.5,S,0,Mr,No_Cabin,3,84.0,9.5
202,0,3,male,24.0,8,2,69.55,S,10,Mr,No_Cabin,3,72.0,6.322727272727272
203,0,3,male,34.0,0,0,6.4958,S,0,Mr,No_Cabin,3,102.0,6.4958
204,0,3,male,45.5,0,0,7.225,C,0,Mr,No_Cabin,4,136.5,7.225
205,1,3,male,18.0,0,0,8.05,S,0,Mr,No_Cabin,2,54.0,8.05
206,0,3,female,2.0,0,1,10.4625,S,1,Miss,G,2,6.0,5.23125
207,0,3,male,32.0,1,0,15.85,S,1,Mr,No_Cabin,3,96.0,7.925
208,1,3,male,26.0,0,0,18.7875,C,0,Mr,No_Cabin,3,78.0,18.7875
209,1,3,female,16.0,0,0,7.75,Q,0,Miss,No_Cabin,2,48.0,7.75
210,1,1,male,40.0,0,0,31.0,C,0,Mr,A,4,40.0,31.0
211,0,3,male,24.0,0,0,7.05,S,0,Mr,No_Cabin,3,72.0,7.05
212,1,2,female,35.0,0,0,21.0,S,0,Miss,No_Cabin,3,70.0,21.0
213,0,3,male,22.0,0,0,7.25,S,0,Mr,No_Cabin,3,66.0,7.25
214,0,2,male,30.0,0,0,13.0,S,0,Mr,No_Cabin,3,60.0,13.0
215,0,3,male,24.0,1,0,7.75,Q,1,Mr,No_Cabin,3,72.0,3.875
216,1,1,female,31.0,1,0,113.275,C,1,Miss,D,3,31.0,56.6375
217,1,3,female,27.0,0,0,7.925,S,0,Miss,No_Cabin,3,81.0,7.925
218,0,2,male,42.0,1,0,27.0,S,1,Mr,No_Cabin,4,84.0,13.5
219,1,1,female,32.0,0,0,76.2917,C,0,Miss,D,3,32.0,76.2917
220,0,2,male,30.0,0,0,10.5,S,0,Mr,No_Cabin,3,60.0,10.5
221,1,3,male,16.0,0,0,8.05,S,0,Mr,No_Cabin,2,48.0,8.05
222,0,2,male,27.0,0,0,13.0,S,0,Mr,No_Cabin,3,54.0,13.0
223,0,3,male,51.0,0,0,8.05,S,0,Mr,No_Cabin,4,153.0,8.05
224,0,3,male,24.0,0,0,7.8958,S,0,Mr,No_Cabin,3,72.0,7.8958
225,1,1,male,38.0,1,0,90.0,S,1,Mr,C,3,38.0,45.0
226,0,3,male,22.0,0,0,9.35,S,0,Mr,No_Cabin,3,66.0,9.35
227,1,2,male,19.0,0,0,10.5,S,0,Mr,No_Cabin,2,38.0,10.5
228,0,3,male,20.5,0,0,7.25,S,0,Mr,No_Cabin,3,61.5,7.25
229,0,2,male,18.0,0,0,13.0,S,0,Mr,No_Cabin,2,36.0,13.0
230,0,3,female,22.0,3,1,25.4667,S,4,Miss,No_Cabin,3,66.0,5.0933399999999995
231,1,1,female,35.0,1,0,83.475,S,1,Mr,C,3,35.0,41.7375
232,0,3,male,29.0,0,0,7.775,S,0,Mr,No_Cabin,3,87.0,7.775
233,0,2,male,59.0,0,0,13.5,S,0,Mr,No_Cabin,4,118.0,13.5
234,1,3,female,5.0,4,2,31.3875,S,6,Miss,No_Cabin,2,15.0,4.483928571428572
235,0,2,male,24.0,0,0,10.5,S,0,Mr,No_Cabin,3,48.0,10.5
236,0,3,female,22.0,0,0,7.55,S,0,Miss,No_Cabin,3,66.0,7.55
237,0,2,male,44.0,1,0,26.0,S,1,Mr,No_Cabin,4,88.0,13.0
238,1,2,female,8.0,0,2,26.25,S,2,Miss,No_Cabin,2,16.0,8.75
239,0,2,male,19.0,0,0,10.5,S,0,Mr,No_Cabin,2,38.0,10.5
240,0,2,male,33.0,0,0,12.275,S,0,Mr,No_Cabin,3,66.0,12.275
241,0,3,female,22.0,1,0,14.4542,C,1,Miss,No_Cabin,3,66.0,7.2271
242,1,3,female,22.0,1,0,15.5,Q,1,Miss,No_Cabin,3,66.0,7.75
243,0,2,male,29.0,0,0,10.5,S,0,Mr,No_Cabin,3,58.0,10.5
244,0,3,male,22.0,0,0,7.125,S,0,Mr,No_Cabin,3,66.0,7.125
245,0,3,male,30.0,0,0,7.225,C,0,Mr,No_Cabin,3,90.0,7.225
246,0,1,male,44.0,2,0,90.0,Q,2,Dr,C,4,44.0,30.0
247,0,3,female,25.0,0,0,7.775,S,0,Miss,No_Cabin,3,75.0,7.775
248,1,2,female,24.0,0,2,14.5,S,2,Mr,No_Cabin,3,48.0,4.833333333333333
249,1,1,male,37.0,1,1,52.5542,S,2,Mr,D,3,37.0,17.518066666666666
250,0,2,male,54.0,1,0,26.0,S,1,Rev,No_Cabin,4,108.0,13.0
251,0,3,male,24.0,0,0,7.25,S,0,Mr,No_Cabin,3,72.0,7.25
252,0,3,female,29.0,1,1,10.4625,S,2,Mr,G,3,87.0,3.4875000000000003
253,0,1,male,62.0,0,0,26.55,S,0,Mr,C,5,62.0,26.55
254,0,3,male,30.0,1,0,16.1,S,1,Mr,No_Cabin,3,90.0,8.05
255,0,3,female,41.0,0,2,20.2125,S,2,Mr,No_Cabin,4,123.0,6.7375
256,1,3,female,29.0,0,2,15.2458,C,2,Mr,No_Cabin,3,87.0,5.081933333333333
257,1,1,female,35.0,0,0,79.2,C,0,Mr,No_Cabin,3,35.0,79.2
258,1,1,female,30.0,0,0,86.5,S,0,Miss,B,3,30.0,86.5
259,1,1,female,35.0,0,0,512.3292,C,0,Miss,No_Cabin,3,35.0,512.3292
260,1,2,female,50.0,0,1,26.0,S,1,Mr,No_Cabin,4,100.0,13.0
261,0,3,male,24.0,0,0,7.75,Q,0,Mr,No_Cabin,3,72.0,7.75
262,1,3,male,3.0,4,2,31.3875,S,6,Master,No_Cabin,2,9.0,4.483928571428572
263,0,1,male,52.0,1,1,79.65,S,2,Mr,E,4,52.0,26.55
264,0,1,male,40.0,0,0,0.0,S,0,Mr,B,4,40.0,0.0
265,0,3,female,22.0,0,0,7.75,Q,0,Miss,No_Cabin,3,66.0,7.75
266,0,2,male,36.0,0,0,10.5,S,0,Mr,No_Cabin,3,72.0,10.5
267,0,3,male,16.0,4,1,39.6875,S,5,Mr,No_Cabin,2,48.0,6.614583333333333
268,1,3,male,25.0,1,0,7.775,S,1,Mr,No_Cabin,3,75.0,3.8875
269,1,1,female,58.0,0,1,153.4625,S,1,Mr,C,4,58.0,76.73125
270,1,1,female,35.0,0,0,135.6333,S,0,Miss,C,3,35.0,135.6333
271,0,1,male,40.0,0,0,31.0,S,0,Mr,No_Cabin,4,40.0,31.0
272,1,3,male,25.0,0,0,0.0,S,0,Mr,No_Cabin,3,75.0,0.0
273,1,2,female,41.0,0,1,19.5,S,1,Mr,No_Cabin,4,82.0,9.75
274,0,1,male,37.0,0,1,29.7,C,1,Mr,C,3,37.0,14.85
275,1,3,female,22.0,0,0,7.75,Q,0,Miss,No_Cabin,3,66.0,7.75
276,1,1,female,63.0,1,0,77.9583,S,1,Miss,D,5,63.0,38.97915
277,0,3,female,45.0,0,0,7.75,S,0,Miss,No_Cabin,4,135.0,7.75
278,0,2,male,30.0,0,0,0.0,S,0,Mr,No_Cabin,3,60.0,0.0
279,0,3,male,7.0,4,1,29.125,Q,5,Master,No_Cabin,2,21.0,4.854166666666667
280,1,3,female,35.0,1,1,20.25,S,2,Mr,No_Cabin,3,105.0,6.75
281,0,3,male,65.0,0,0,7.75,Q,0,Mr,No_Cabin,5,195.0,7.75
282,0,3,male,28.0,0,0,7.8542,S,0,Mr,No_Cabin,3,84.0,7.8542
283,0,3,male,16.0,0,0,9.5,S,0,Mr,No_Cabin,2,48.0,9.5
284,1,3,male,19.0,0,0,8.05,S,0,Mr,No_Cabin,2,57.0,8.05
285,0,1,male,40.0,0,0,26.0,S,0,Mr,A,4,40.0,26.0
286,0,3,male,33.0,0,0,8.6625,C,0,Mr,No_Cabin,3,99.0,8.6625
287,1,3,male,30.0,0,0,9.5,S,0,Mr,No_Cabin,3,90.0,9.5
288,0,3,male,22.0,0,0,7.8958,S,0,Mr,No_Cabin,3,66.0,7.8958
289,1,2,male,42.0,0,0,13.0,S,0,Mr,No_Cabin,4,84.0,13.0
290,1,3,female,22.0,0,0,7.75,Q,0,Miss,No_Cabin,3,66.0,7.75
291,1,1,female,26.0,0,0,78.85,S,0,Miss,No_Cabin,3,26.0,78.85
292,1,1,female,19.0,1,0,91.0792,C,1,Mr,B,2,19.0,45.5396
293,0,2,male,36.0,0,0,12.875,C,0,Mr,D,3,72.0,12.875
294,0,3,female,24.0,0,0,8.85,S,0,Miss,No_Cabin,3,72.0,8.85
295,0,3,male,24.0,0,0,7.8958,S,0,Mr,No_Cabin,3,72.0,7.8958
296,0,1,male,40.0,0,0,27.7208,C,0,Mr,No_Cabin,4,40.0,27.7208
297,0,3,male,23.5,0,0,7.2292,C,0,Mr,No_Cabin,3,70.5,7.2292
298,0,1,female,2.0,1,2,151.55,S,3,Miss,C,2,2.0,37.8875
299,1,1,male,40.0,0,0,30.5,S,0,Mr,C,4,40.0,30.5
300,1,1,female,50.0,0,1,247.5208,C,1,Mr,B,4,50.0,123.7604
301,1,3,female,22.0,0,0,7.75,Q,0,Miss,No_Cabin,3,66.0,7.75
302,1,3,male,24.0,2,0,23.25,Q,2,Mr,No_Cabin,3,72.0,7.75
303,0,3,male,19.0,0,0,0.0,S,0,Mr,No_Cabin,2,57.0,0.0
304,1,2,female,28.0,0,0,12.35,Q,0,Miss,E,3,56.0,12.35
305,0,3,male,24.0,0,0,8.05,S,0,Mr,No_Cabin,3,72.0,8.05
306,1,1,male,0.92,1,2,151.55,S,3,Master,C,1,0.92,37.8875
307,1,1,female,35.0,0,0,110.8833,C,0,Miss,No_Cabin,3,35.0,110.8833
308,1,1,female,17.0,1,0,108.9,C,1,Mr,C,2,17.0,54.45
309,0,2,male,30.0,1,0,24.0,C,1,Mr,No_Cabin,3,60.0,12.0
310,1,1,female,30.0,0,0,56.9292,C,0,Miss,E,3,30.0,56.9292
311,1,1,female,24.0,0,0,83.1583,C,0,Miss,C,3,24.0,83.1583
312,1,1,female,18.0,2,2,262.375,C,4,Miss,B,2,18.0,52.475
313,0,2,female,26.0,1,1,26.0,S,2,Mr,No_Cabin,3,52.0,8.666666666666666
314,0,3,male,28.0,0,0,7.8958,S,0,Mr,No_Cabin,3,84.0,7.8958
315,0,2,male,43.0,1,1,26.25,S,2,Mr,No_Cabin,4,86.0,8.75
316,1,3,female,26.0,0,0,7.8542,S,0,Miss,No_Cabin,3,78.0,7.8542
317,1,2,female,24.0,1,0,26.0,S,1,Mr,No_Cabin,3,48.0,13.0
318,0,2,male,54.0,0,0,14.0,S,0,Dr,No_Cabin,4,108.0,14.0
319,1,1,female,31.0,0,2,164.8667,S,2,Miss,C,3,31.0,54.95556666666667
320,1,1,female,40.0,1,1,134.5,C,2,Mr,E,4,40.0,44.833333333333336
321,0,3,male,22.0,0,0,7.25,S,0,Mr,No_Cabin,3,66.0,7.25
322,0,3,male,27.0,0,0,7.8958,S,0,Mr,No_Cabin,3,81.0,7.8958
323,1,2,female,30.0,0,0,12.35,Q,0,Miss,No_Cabin,3,60.0,12.35
324,1,2,female,22.0,1,1,29.0,S,2,Mr,No_Cabin,3,44.0,9.666666666666666
325,0,3,male,24.0,8,2,69.55,S,10,Mr,No_Cabin,3,72.0,6.322727272727272
326,1,1,female,36.0,0,0,135.6333,C,0,Miss,C,3,36.0,135.6333
327,0,3,male,61.0,0,0,6.2375,S,0,Mr,No_Cabin,5,183.0,6.2375
328,1,2,female,36.0,0,0,13.0,S,0,Mr,D,3,72.0,13.0
329,1,3,female,31.0,1,1,20.525,S,2,Mr,No_Cabin,3,93.0,6.841666666666666
330,1,1,female,16.0,0,1,57.9792,C,1,Miss,B,2,16.0,28.9896
331,1,3,female,22.0,2,0,23.25,Q,2,Miss,No_Cabin,3,66.0,7.75
332,0,1,male,45.5,0,0,28.5,S,0,Mr,C,4,45.5,28.5
333,0,1,male,38.0,0,1,153.4625,S,1,Mr,C,3,38.0,76.73125
334,0,3,male,16.0,2,0,18.0,S,2,Mr,No_Cabin,2,48.0,6.0
335,1,1,female,35.0,1,0,133.65,S,1,Mr,No_Cabin,3,35.0,66.825
336,0,3,male,24.0,0,0,7.8958,S,0,Mr,No_Cabin,3,72.0,7.8958
337,0,1,male,29.0,1,0,66.6,S,1,Mr,C,3,29.0,33.3
338,1,1,female,41.0,0,0,134.5,C,0,Miss,E,4,41.0,134.5
339,1,3,male,45.0,0,0,8.05,S,0,Mr,No_Cabin,4,135.0,8.05
340,0,1,male,45.0,0,0,35.5,S,0,Mr,T,4,45.0,35.5
341,1,2,male,2.0,1,1,26.0,S,2,Master,F,2,4.0,8.666666666666666
342,1,1,female,24.0,3,2,263.0,S,5,Miss,C,3,24.0,43.833333333333336
343,0,2,male,28.0,0,0,13.0,S,0,Mr,No_Cabin,3,56.0,13.0
344,0,2,male,25.0,0,0,13.0,S,0,Mr,No_Cabin,3,50.0,13.0
345,0,2,male,36.0,0,0,13.0,S,0,Mr,No_Cabin,3,72.0,13.0
346,1,2,female,24.0,0,0,13.0,S,0,Miss,F,3,48.0,13.0
347,1,2,female,40.0,0,0,13.0,S,0,Miss,No_Cabin,4,80.0,13.0
348,1,3,female,22.0,1,0,16.1,S,1,Mr,No_Cabin,3,66.0,8.05
349,1,3,male,3.0,1,1,15.9,S,2,Master,No_Cabin,2,9.0,5.3
350,0,3,male,42.0,0,0,8.6625,S,0,Mr,No_Cabin,4,126.0,8.6625
351,0,3,male,23.0,0,0,9.225,S,0,Mr,No_Cabin,3,69.0,9.225
352,0,1,male,40.0,0,0,35.0,S,0,Mr,C,4,40.0,35.0
353,0,3,male,15.0,1,1,7.2292,C,2,Mr,No_Cabin,2,45.0,2.409733333333333
354,0,3,male,25.0,1,0,17.8,S,1,Mr,No_Cabin,3,75.0,8.9
355,0,3,male,24.0,0,0,7.225,C,0,Mr,No_Cabin,3,72.0,7.225
356,0,3,male,28.0,0,0,9.5,S,0,Mr,No_Cabin,3,84.0,9.5
357,1,1,female,22.0,0,1,55.0,S,1,Miss,E,3,22.0,27.5
358,0,2,female,38.0,0,0,13.0,S,0,Miss,No_Cabin,3,76.0,13.0
359,1,3,female,22.0,0,0,7.8792,Q,0,Miss,No_Cabin,3,66.0,7.8792
360,1,3,female,22.0,0,0,7.8792,Q,0,Miss,No_Cabin,3,66.0,7.8792
361,0,3,male,40.0,1,4,27.9,S,5,Mr,No_Cabin,4,120.0,4.6499999999999995
362,0,2,male,29.0,1,0,27.7208,C,1,Mr,No_Cabin,3,58.0,13.8604
363,0,3,female,45.0,0,1,14.4542,C,1,Mr,No_Cabin,4,135.0,7.2271
364,0,3,male,35.0,0,0,7.05,S,0,Mr,No_Cabin,3,105.0,7.05
365,0,3,male,24.0,1,0,15.5,Q,1,Mr,No_Cabin,3,72.0,7.75
366,0,3,male,30.0,0,0,7.25,S,0,Mr,No_Cabin,3,90.0,7.25
367,1,1,female,60.0,1,0,75.25,C,1,Mr,D,5,60.0,37.625
368,1,3,female,22.0,0,0,7.2292,C,0,Mr,No_Cabin,3,66.0,7.2292
369,1,3,female,22.0,0,0,7.75,Q,0,Miss,No_Cabin,3,66.0,7.75
370,1,1,female,24.0,0,0,69.3,C,0,Mme,B,3,24.0,69.3
371,1,1,male,25.0,1,0,55.4417,C,1,Mr,E,3,25.0,27.72085
372,0,3,male,18.0,1,0,6.4958,S,1,Mr,No_Cabin,2,54.0,3.2479
373,0,3,male,19.0,0,0,8.05,S,0,Mr,No_Cabin,2,57.0,8.05
374,0,1,male,22.0,0,0,135.6333,C,0,Mr,No_Cabin,3,22.0,135.6333
375,0,3,female,3.0,3,1,21.075,S,4,Miss,No_Cabin,2,9.0,4.215
376,1,1,female,35.0,1,0,82.1708,C,1,Mr,No_Cabin,3,35.0,41.0854
377,1,3,female,22.0,0,0,7.25,S,0,Miss,No_Cabin,3,66.0,7.25
378,0,1,male,27.0,0,2,211.5,C,2,Mr,C,3,27.0,70.5
379,0,3,male,20.0,0,0,4.0125,C,0,Mr,No_Cabin,3,60.0,4.0125
380,0,3,male,19.0,0,0,7.775,S,0,Mr,No_Cabin,2,57.0,7.775
381,1,1,female,42.0,0,0,227.525,C,0,Miss,No_Cabin,4,42.0,227.525
382,1,3,female,1.0,0,2,15.7417,C,2,Miss,No_Cabin,1,3.0,5.247233333333333
383,0,3,male,32.0,0,0,7.925,S,0,Mr,No_Cabin,3,96.0,7.925
384,1,1,female,35.0,1,0,52.0,S,1,Mr,No_Cabin,3,35.0,26.0
385,0,3,male,24.0,0,0,7.8958,S,0,Mr,No_Cabin,3,72.0,7.8958
386,0,2,male,18.0,0,0,73.5,S,0,Mr,No_Cabin,2,36.0,73.5
387,0,3,male,1.0,5,2,46.9,S,7,Master,No_Cabin,1,3.0,5.8625
388,1,2,female,36.0,0,0,13.0,S,0,Miss,No_Cabin,3,72.0,13.0
389,0,3,male,24.0,0,0,7.7292,Q,0,Mr,No_Cabin,3,72.0,7.7292
390,1,2,female,17.0,0,0,12.0,C,0,Miss,No_Cabin,2,34.0,12.0
391,1,1,male,36.0,1,2,120.0,S,3,Mr,B,3,36.0,30.0
392,1,3,male,21.0,0,0,7.7958,S,0,Mr,No_Cabin,3,63.0,7.7958
393,0,3,male,28.0,2,0,7.925,S,2,Mr,No_Cabin,3,84.0,2.6416666666666666
394,1,1,female,23.0,1,0,113.275,C,1,Miss,D,3,23.0,56.6375
395,1,3,female,24.0,0,2,16.7,S,2,Mr,G,3,72.0,5.566666666666666
396,0,3,male,22.0,0,0,7.7958,S,0,Mr,No_Cabin,3,66.0,7.7958
397,0,3,female,31.0,0,0,7.8542,S,0,Miss,No_Cabin,3,93.0,7.8542
398,0,2,male,46.0,0,0,26.0,S,0,Mr,No_Cabin,4,92.0,26.0
399,0,2,male,23.0,0,0,10.5,S,0,Dr,No_Cabin,3,46.0,10.5
400,1,2,female,28.0,0,0,12.65,S,0,Mr,No_Cabin,3,56.0,12.65
401,1,3,male,39.0,0,0,7.925,S,0,Mr,No_Cabin,3,117.0,7.925
402,0,3,male,26.0,0,0,8.05,S,0,Mr,No_Cabin,3,78.0,8.05
403,0,3,female,21.0,1,0,9.825,S,1,Miss,No_Cabin,3,63.0,4.9125
404,0,3,male,28.0,1,0,15.85,S,1,Mr,No_Cabin,3,84.0,7.925
405,0,3,female,20.0,0,0,8.6625,S,0,Miss,No_Cabin,3,60.0,8.6625
406,0,2,male,34.0,1,0,21.0,S,1,Mr,No_Cabin,3,68.0,10.5
407,0,3,male,51.0,0,0,7.75,S,0,Mr,No_Cabin,4,153.0,7.75
408,1,2,male,3.0,1,1,18.75,S,2,Master,No_Cabin,2,6.0,6.25
409,0,3,male,21.0,0,0,7.775,S,0,Mr,No_Cabin,3,63.0,7.775
410,0,3,female,22.0,3,1,25.4667,S,4,Miss,No_Cabin,3,66.0,5.0933399999999995
411,0,3,male,24.0,0,0,7.8958,S,0,Mr,No_Cabin,3,72.0,7.8958
412,0,3,male,24.0,0,0,6.8583,Q,0,Mr,No_Cabin,3,72.0,6.8583
413,1,1,female,33.0,1,0,90.0,Q,1,Miss,C,3,33.0,45.0
414,0,2,male,30.0,0,0,0.0,S,0,Mr,No_Cabin,3,60.0,0.0
415,1,3,male,44.0,0,0,7.925,S,0,Mr,No_Cabin,4,132.0,7.925
416,0,3,female,22.0,0,0,8.05,S,0,Mr,No_Cabin,3,66.0,8.05
417,1,2,female,34.0,1,1,32.5,S,2,Mr,No_Cabin,3,68.0,10.833333333333334
418,1,2,female,18.0,0,2,13.0,S,2,Miss,No_Cabin,2,36.0,4.333333333333333
419,0,2,male,30.0,0,0,13.0,S,0,Mr,No_Cabin,3,60.0,13.0
420,0,3,female,10.0,0,2,24.15,S,2,Miss,No_Cabin,2,30.0,8.049999999999999
421,0,3,male,24.0,0,0,7.8958,C,0,Mr,No_Cabin,3,72.0,7.8958
422,0,3,male,21.0,0,0,7.7333,Q,0,Mr,No_Cabin,3,63.0,7.7333
423,0,3,male,29.0,0,0,7.875,S,0,Mr,No_Cabin,3,87.0,7.875
424,0,3,female,28.0,1,1,14.4,S,2,Mr,No_Cabin,3,84.0,4.8
425,0,3,male,18.0,1,1,20.2125,S,2,Mr,No_Cabin,2,54.0,6.7375
426,0,3,male,24.0,0,0,7.25,S,0,Mr,No_Cabin,3,72.0,7.25
427,1,2,female,28.0,1,0,26.0,S,1,Mr,No_Cabin,3,56.0,13.0
428,1,2,female,19.0,0,0,26.0,S,0,Mr,No_Cabin,2,38.0,26.0
429,0,3,male,24.0,0,0,7.75,Q,0,Mr,No_Cabin,3,72.0,7.75
430,1,3,male,32.0,0,0,8.05,S,0,Mr,E,3,96.0,8.05
431,1,1,male,28.0,0,0,26.55,S,0,Mr,C,3,28.0,26.55
432,1,3,female,22.0,1,0,16.1,S,1,Mr,No_Cabin,3,66.0,8.05
433,1,2,female,42.0,1,0,26.0,S,1,Mr,No_Cabin,4,84.0,13.0
434,0,3,male,17.0,0,0,7.125,S,0,Mr,No_Cabin,2,51.0,7.125
435,0,1,male,50.0,1,0,55.9,S,1,Mr,E,4,50.0,27.95
436,1,1,female,14.0,1,2,120.0,S,3,Miss,B,2,14.0,30.0
437,0,3,female,21.0,2,2,34.375,S,4,Miss,No_Cabin,3,63.0,6.875
438,1,2,female,24.0,2,3,18.75,S,5,Mr,No_Cabin,3,48.0,3.125
439,0,1,male,64.0,1,4,263.0,S,5,Mr,C,5,64.0,43.833333333333336
440,0,2,male,31.0,0,0,10.5,S,0,Mr,No_Cabin,3,62.0,10.5
441,1,2,female,45.0,1,1,26.25,S,2,Mr,No_Cabin,4,90.0,8.75
442,0,3,male,20.0,0,0,9.5,S,0,Mr,No_Cabin,3,60.0,9.5
443,0,3,male,25.0,1,0,7.775,S,1,Mr,No_Cabin,3,75.0,3.8875
444,1,2,female,28.0,0,0,13.0,S,0,Ms,No_Cabin,3,56.0,13.0
445,1,3,male,24.0,0,0,8.1125,S,0,Mr,No_Cabin,3,72.0,8.1125
446,1,1,male,4.0,0,2,81.8583,S,2,Master,A,2,4.0,27.2861
447,1,2,female,13.0,0,1,19.5,S,1,Miss,No_Cabin,2,26.0,9.75
448,1,1,male,34.0,0,0,26.55,S,0,Mr,No_Cabin,3,34.0,26.55
449,1,3,female,5.0,2,1,19.2583,C,3,Miss,No_Cabin,2,15.0,4.814575
450,1,1,male,52.0,0,0,30.5,S,0,Major,C,4,52.0,30.5
451,0,2,male,36.0,1,2,27.75,S,3,Mr,No_Cabin,3,72.0,6.9375
452,0,3,male,24.0,1,0,19.9667,S,1,Mr,No_Cabin,3,72.0,9.98335
453,0,1,male,30.0,0,0,27.75,C,0,Mr,C,3,30.0,27.75
454,1,1,male,49.0,1,0,89.1042,C,1,Mr,C,4,49.0,44.5521
455,0,3,male,24.0,0,0,8.05,S,0,Mr,No_Cabin,3,72.0,8.05
456,1,3,male,29.0,0,0,7.8958,C,0,Mr,No_Cabin,3,87.0,7.8958
457,0,1,male,65.0,0,0,26.55,S,0,Mr,E,5,65.0,26.55
458,1,1,female,35.0,1,0,51.8625,S,1,Mr,D,3,35.0,25.93125
459,1,2,female,50.0,0,0,10.5,S,0,Miss,No_Cabin,4,100.0,10.5
460,0,3,male,24.0,0,0,7.75,Q,0,Mr,No_Cabin,3,72.0,7.75
461,1,1,male,48.0,0,0,26.55,S,0,Mr,E,4,48.0,26.55
462,0,3,male,34.0,0,0,8.05,S,0,Mr,No_Cabin,3,102.0,8.05
463,0,1,male,47.0,0,0,38.5,S,0,Mr,E,4,47.0,38.5
464,0,2,male,48.0,0,0,13.0,S,0,Mr,No_Cabin,4,96.0,13.0
465,0,3,male,24.0,0,0,8.05,S,0,Mr,No_Cabin,3,72.0,8.05
466,0,3,male,38.0,0,0,7.05,S,0,Mr,No_Cabin,3,114.0,7.05
467,0,2,male,30.0,0,0,0.0,S,0,Mr,No_Cabin,3,60.0,0.0
468,0,1,male,56.0,0,0,26.55,S,0,Mr,No_Cabin,4,56.0,26.55
469,0,3,male,24.0,0,0,7.725,Q,0,Mr,No_Cabin,3,72.0,7.725
470,1,3,female,0.75,2,1,19.2583,C,3,Miss,No_Cabin,1,2.25,4.814575
471,0,3,male,24.0,0,0,7.25,S,0,Mr,No_Cabin,3,72.0,7.25
472,0,3,male,38.0,0,0,8.6625,S,0,Mr,No_Cabin,3,114.0,8.6625
473,1,2,female,33.0,1,2,27.75,S,3,Mr,No_Cabin,3,66.0,6.9375
474,1,2,female,23.0,0,0,13.7917,C,0,Mr,D,3,46.0,13.7917
475,0,3,female,22.0,0,0,9.8375,S,0,Miss,No_Cabin,3,66.0,9.8375
476,0,1,male,40.0,0,0,52.0,S,0,Mr,A,4,40.0,52.0
477,0,2,male,34.0,1,0,21.0,S,1,Mr,No_Cabin,3,68.0,10.5
478,0,3,male,29.0,1,0,7.0458,S,1,Mr,No_Cabin,3,87.0,3.5229
479,0,3,male,22.0,0,0,7.5208,S,0,Mr,No_Cabin,3,66.0,7.5208
480,1,3,female,2.0,0,1,12.2875,S,1,Miss,No_Cabin,2,6.0,6.14375
481,0,3,male,9.0,5,2,46.9,S,7,Master,No_Cabin,2,27.0,5.8625
482,0,2,male,30.0,0,0,0.0,S,0,Mr,No_Cabin,3,60.0,0.0
483,0,3,male,50.0,0,0,8.05,S,0,Mr,No_Cabin,4,150.0,8.05
484,1,3,female,63.0,0,0,9.5875,S,0,Mr,No_Cabin,5,189.0,9.5875
485,1,1,male,25.0,1,0,91.0792,C,1,Mr,B,3,25.0,45.5396
486,0,3,female,22.0,3,1,25.4667,S,4,Miss,No_Cabin,3,66.0,5.0933399999999995
487,1,1,female,35.0,1,0,90.0,S,1,Mr,C,3,35.0,45.0
488,0,1,male,58.0,0,0,29.7,C,0,Mr,B,4,58.0,29.7
489,0,3,male,30.0,0,0,8.05,S,0,Mr,No_Cabin,3,90.0,8.05
490,1,3,male,9.0,1,1,15.9,S,2,Master,No_Cabin,2,27.0,5.3
491,0,3,male,24.0,1,0,19.9667,S,1,Mr,No_Cabin,3,72.0,9.98335
492,0,3,male,21.0,0,0,7.25,S,0,Mr,No_Cabin,3,63.0,7.25
493,0,1,male,55.0,0,0,30.5,S,0,Mr,C,4,55.0,30.5
494,0,1,male,71.0,0,0,49.5042,C,0,Mr,No_Cabin,5,71.0,49.5042
495,0,3,male,21.0,0,0,8.05,S,0,Mr,No_Cabin,3,63.0,8.05
496,0,3,male,24.0,0,0,14.4583,C,0,Mr,No_Cabin,3,72.0,14.4583
497,1,1,female,54.0,1,0,78.2667,C,1,Miss,D,4,54.0,39.13335
498,0,3,male,24.0,0,0,15.1,S,0,Mr,No_Cabin,3,72.0,15.1
499,0,1,female,25.0,1,2,151.55,S,3,Mr,C,3,25.0,37.8875
500,0,3,male,24.0,0,0,7.7958,S,0,Mr,No_Cabin,3,72.0,7.7958
501,0,3,male,17.0,0,0,8.6625,S,0,Mr,No_Cabin,2,51.0,8.6625
502,0,3,female,21.0,0,0,7.75,Q,0,Miss,No_Cabin,3,63.0,7.75
503,0,3,female,22.0,0,0,7.6292,Q,0,Miss,No_Cabin,3,66.0,7.6292
504,0,3,female,37.0,0,0,9.5875,S,0,Miss,No_Cabin,3,111.0,9.5875
505,1,1,female,16.0,0,0,86.5,S,0,Miss,B,2,16.0,86.5
506,0,1,male,18.0,1,0,108.9,C,1,Mr,C,2,18.0,54.45
507,1,2,female,33.0,0,2,26.0,S,2,Mr,No_Cabin,3,66.0,8.666666666666666
508,1,1,male,40.0,0,0,26.55,S,0,Mr,No_Cabin,4,40.0,26.55
509,0,3,male,28.0,0,0,22.525,S,0,Mr,No_Cabin,3,84.0,22.525
510,1,3,male,26.0,0,0,56.4958,S,0,Mr,No_Cabin,3,78.0,56.4958
511,1,3,male,29.0,0,0,7.75,Q,0,Mr,No_Cabin,3,87.0,7.75
512,0,3,male,24.0,0,0,8.05,S,0,Mr,No_Cabin,3,72.0,8.05
513,1,1,male,36.0,0,0,26.2875,S,0,Mr,E,3,36.0,26.2875
514,1,1,female,54.0,1,0,59.4,C,1,Mr,No_Cabin,4,54.0,29.7
515,0,3,male,24.0,0,0,7.4958,S,0,Mr,No_Cabin,3,72.0,7.4958
516,0,1,male,47.0,0,0,34.0208,S,0,Mr,D,4,47.0,34.0208
517,1,2,female,34.0,0,0,10.5,S,0,Mr,F,3,68.0,10.5
518,0,3,male,24.0,0,0,24.15,Q,0,Mr,No_Cabin,3,72.0,24.15
519,1,2,female,36.0,1,0,26.0,S,1,Mr,No_Cabin,3,72.0,13.0
520,0,3,male,32.0,0,0,7.8958,S,0,Mr,No_Cabin,3,96.0,7.8958
521,1,1,female,30.0,0,0,93.5,S,0,Miss,B,3,30.0,93.5
522,0,3,male,22.0,0,0,7.8958,S,0,Mr,No_Cabin,3,66.0,7.8958
523,0,3,male,24.0,0,0,7.225,C,0,Mr,No_Cabin,3,72.0,7.225
524,1,1,female,44.0,0,1,57.9792,C,1,Mr,B,4,44.0,28.9896
525,0,3,male,24.0,0,0,7.2292,C,0,Mr,No_Cabin,3,72.0,7.2292
526,0,3,male,40.5,0,0,7.75,Q,0,Mr,No_Cabin,4,121.5,7.75
527,1,2,female,50.0,0,0,10.5,S,0,Miss,No_Cabin,4,100.0,10.5
528,0,1,male,40.0,0,0,221.7792,S,0,Mr,C,4,40.0,221.7792
529,0,3,male,39.0,0,0,7.925,S,0,Mr,No_Cabin,3,117.0,7.925
530,0,2,male,23.0,2,1,11.5,S,3,Mr,No_Cabin,3,46.0,2.875
531,1,2,female,2.0,1,1,26.0,S,2,Miss,No_Cabin,2,4.0,8.666666666666666
532,0,3,male,24.0,0,0,7.2292,C,0,Mr,No_Cabin,3,72.0,7.2292
533,0,3,male,17.0,1,1,7.2292,C,2,Mr,No_Cabin,2,51.0,2.409733333333333
534,1,3,female,22.0,0,2,22.3583,C,2,Mr,No_Cabin,3,66.0,7.452766666666666
535,0,3,female,30.0,0,0,8.6625,S,0,Miss,No_Cabin,3,90.0,8.6625
536,1,2,female,7.0,0,2,26.25,S,2,Miss,No_Cabin,2,14.0,8.75
537,0,1,male,45.0,0,0,26.55,S,0,Major,B,4,45.0,26.55
538,1,1,female,30.0,0,0,106.425,C,0,Miss,No_Cabin,3,30.0,106.425
539,0,3,male,24.0,0,0,14.5,S,0,Mr,No_Cabin,3,72.0,14.5
540,1,1,female,22.0,0,2,49.5,C,2,Miss,B,3,22.0,16.5
541,1,1,female,36.0,0,2,71.0,S,2,Miss,B,3,36.0,23.666666666666668
542,0,3,female,9.0,4,2,31.275,S,6,Miss,No_Cabin,2,27.0,4.4678571428571425
543,0,3,female,11.0,4,2,31.275,S,6,Miss,No_Cabin,2,33.0,4.4678571428571425
544,1,2,male,32.0,1,0,26.0,S,1,Mr,No_Cabin,3,64.0,13.0
545,0,1,male,50.0,1,0,106.425,C,1,Mr,C,4,50.0,53.2125
546,0,1,male,64.0,0,0,26.0,S,0,Mr,No_Cabin,5,64.0,26.0
547,1,2,female,19.0,1,0,26.0,S,1,Mr,No_Cabin,2,38.0,13.0
548,1,2,male,30.0,0,0,13.8625,C,0,Mr,No_Cabin,3,60.0,13.8625
549,0,3,male,33.0,1,1,20.525,S,2,Mr,No_Cabin,3,99.0,6.841666666666666
550,1,2,male,8.0,1,1,36.75,S,2,Jr,No_Cabin,2,16.0,12.25
551,1,1,male,17.0,0,2,110.8833,C,2,Mr,C,2,17.0,36.9611
552,0,2,male,27.0,0,0,26.0,S,0,Mr,No_Cabin,3,54.0,26.0
553,0,3,male,24.0,0,0,7.8292,Q,0,Mr,No_Cabin,3,72.0,7.8292
554,1,3,male,22.0,0,0,7.225,C,0,Mr,No_Cabin,3,66.0,7.225
555,1,3,female,22.0,0,0,7.775,S,0,Miss,No_Cabin,3,66.0,7.775
556,0,1,male,62.0,0,0,26.55,S,0,Mr,No_Cabin,5,62.0,26.55
557,1,1,female,48.0,1,0,39.6,C,1,Mr,A,4,48.0,19.8
558,0,1,male,40.0,0,0,227.525,C,0,Mr,No_Cabin,4,40.0,227.525
559,1,1,female,39.0,1,1,79.65,S,2,Mr,E,3,39.0,26.55
560,1,3,female,36.0,1,0,17.4,S,1,Mr,No_Cabin,3,108.0,8.7
561,0,3,male,24.0,0,0,7.75,Q,0,Mr,No_Cabin,3,72.0,7.75
562,0,3,male,40.0,0,0,7.8958,S,0,Mr,No_Cabin,4,120.0,7.8958
563,0,2,male,28.0,0,0,13.5,S,0,Mr,No_Cabin,3,56.0,13.5
564,0,3,male,24.0,0,0,8.05,S,0,Mr,No_Cabin,3,72.0,8.05
565,0,3,female,22.0,0,0,8.05,S,0,Miss,No_Cabin,3,66.0,8.05
566,0,3,male,24.0,2,0,24.15,S,2,Mr,No_Cabin,3,72.0,8.049999999999999
567,0,3,male,19.0,0,0,7.8958,S,0,Mr,No_Cabin,2,57.0,7.8958
568,0,3,female,29.0,0,4,21.075,S,4,Mr,No_Cabin,3,87.0,4.215
569,0,3,male,24.0,0,0,7.2292,C,0,Mr,No_Cabin,3,72.0,7.2292
570,1,3,male,32.0,0,0,7.8542,S,0,Mr,No_Cabin,3,96.0,7.8542
571,1,2,male,62.0,0,0,10.5,S,0,Mr,No_Cabin,5,124.0,10.5
572,1,1,female,53.0,2,0,51.4792,S,2,Mr,C,4,53.0,17.15973333333333
573,1,1,male,36.0,0,0,26.3875,S,0,Mr,E,3,36.0,26.3875
574,1,3,female,22.0,0,0,7.75,Q,0,Miss,No_Cabin,3,66.0,7.75
575,0,3,male,16.0,0,0,8.05,S,0,Mr,No_Cabin,2,48.0,8.05
576,0,3,male,19.0,0,0,14.5,S,0,Mr,No_Cabin,2,57.0,14.5
577,1,2,female,34.0,0,0,13.0,S,0,Miss,No_Cabin,3,68.0,13.0
578,1,1,female,39.0,1,0,55.9,S,1,Mr,E,3,39.0,27.95
579,0,3,female,22.0,1,0,14.4583,C,1,Mr,No_Cabin,3,66.0,7.22915
580,1,3,male,32.0,0,0,7.925,S,0,Mr,No_Cabin,3,96.0,7.925
581,1,2,female,25.0,1,1,30.0,S,2,Miss,No_Cabin,3,50.0,10.0
582,1,1,female,39.0,1,1,110.8833,C,2,Mr,C,3,39.0,36.9611
583,0,2,male,54.0,0,0,26.0,S,0,Mr,No_Cabin,4,108.0,26.0
584,0,1,male,36.0,0,0,40.125,C,0,Mr,A,3,36.0,40.125
585,0,3,male,24.0,0,0,8.7125,C,0,Mr,No_Cabin,3,72.0,8.7125
586,1,1,female,18.0,0,2,79.65,S,2,Miss,E,2,18.0,26.55
587,0,2,male,47.0,0,0,15.0,S,0,Mr,No_Cabin,4,94.0,15.0
588,1,1,male,60.0,1,1,79.2,C,2,Mr,B,5,60.0,26.400000000000002
589,0,3,male,22.0,0,0,8.05,S,0,Mr,No_Cabin,3,66.0,8.05
590,0,3,male,24.0,0,0,8.05,S,0,Mr,No_Cabin,3,72.0,8.05
591,0,3,male,35.0,0,0,7.125,S,0,Mr,No_Cabin,3,105.0,7.125
592,1,1,female,52.0,1,0,78.2667,C,1,Mr,D,4,52.0,39.13335
593,0,3,male,47.0,0,0,7.25,S,0,Mr,No_Cabin,4,141.0,7.25
594,0,3,female,22.0,0,2,7.75,Q,2,Miss,No_Cabin,3,66.0,2.5833333333333335
595,0,2,male,37.0,1,0,26.0,S,1,Mr,No_Cabin,3,74.0,13.0
596,0,3,male,36.0,1,1,24.15,S,2,Mr,No_Cabin,3,108.0,8.049999999999999
597,1,2,female,28.0,0,0,33.0,S,0,Miss,No_Cabin,3,56.0,33.0
598,0,3,male,49.0,0,0,0.0,S,0,Mr,No_Cabin,4,147.0,0.0
599,0,3,male,24.0,0,0,7.225,C,0,Mr,No_Cabin,3,72.0,7.225
600,1,1,male,49.0,1,0,56.9292,C,1,Mr,A,4,49.0,28.4646
601,1,2,female,24.0,2,1,27.0,S,3,Mr,No_Cabin,3,48.0,6.75
602,0,3,male,24.0,0,0,7.8958,S,0,Mr,No_Cabin,3,72.0,7.8958
603,0,1,male,40.0,0,0,42.4,S,0,Mr,No_Cabin,4,40.0,42.4
604,0,3,male,44.0,0,0,8.05,S,0,Mr,No_Cabin,4,132.0,8.05
605,1,1,male,35.0,0,0,26.55,C,0,Mr,No_Cabin,3,35.0,26.55
606,0,3,male,36.0,1,0,15.55,S,1,Mr,No_Cabin,3,108.0,7.775
607,0,3,male,30.0,0,0,7.8958,S,0,Mr,No_Cabin,3,90.0,7.8958
608,1,1,male,27.0,0,0,30.5,S,0,Mr,No_Cabin,3,27.0,30.5
609,1,2,female,22.0,1,2,41.5792,C,3,Mr,No_Cabin,3,44.0,10.3948
610,1,1,female,40.0,0,0,153.4625,S,0,Miss,C,4,40.0,153.4625
611,0,3,female,39.0,1,5,31.275,S,6,Mr,No_Cabin,3,117.0,4.4678571428571425
612,0,3,male,24.0,0,0,7.05,S,0,Mr,No_Cabin,3,72.0,7.05
613,1,3,female,22.0,1,0,15.5,Q,1,Miss,No_Cabin,3,66.0,7.75
614,0,3,male,24.0,0,0,7.75,Q,0,Mr,No_Cabin,3,72.0,7.75
615,0,3,male,35.0,0,0,8.05,S,0,Mr,No_Cabin,3,105.0,8.05
616,1,2,female,24.0,1,2,65.0,S,3,Miss,No_Cabin,3,48.0,16.25
617,0,3,male,34.0,1,1,14.4,S,2,Mr,No_Cabin,3,102.0,4.8
618,0,3,female,26.0,1,0,16.1,S,1,Mr,No_Cabin,3,78.0,8.05
619,1,2,female,4.0,2,1,39.0,S,3,Miss,F,2,8.0,9.75
620,0,2,male,26.0,0,0,10.5,S,0,Mr,No_Cabin,3,52.0,10.5
621,0,3,male,27.0,1,0,14.4542,C,1,Mr,No_Cabin,3,81.0,7.2271
622,1,1,male,42.0,1,0,52.5542,S,1,Mr,D,4,42.0,26.2771
623,1,3,male,20.0,1,1,15.7417,C,2,Mr,No_Cabin,3,60.0,5.247233333333333
624,0,3,male,21.0,0,0,7.8542,S,0,Mr,No_Cabin,3,63.0,7.8542
625,0,3,male,21.0,0,0,16.1,S,0,Mr,No_Cabin,3,63.0,16.1
626,0,1,male,61.0,0,0,32.3208,S,0,Mr,D,5,61.0,32.3208
627,0,2,male,57.0,0,0,12.35,Q,0,Rev,No_Cabin,4,114.0,12.35
628,1,1,female,21.0,0,0,77.9583,S,0,Miss,D,3,21.0,77.9583
629,0,3,male,26.0,0,0,7.8958,S,0,Mr,No_Cabin,3,78.0,7.8958
630,0,3,male,24.0,0,0,7.7333,Q,0,Mr,No_Cabin,3,72.0,7.7333
631,1,1,male,80.0,0,0,30.0,S,0,Mr,A,5,80.0,30.0
632,0,3,male,51.0,0,0,7.0542,S,0,Mr,No_Cabin,4,153.0,7.0542
633,1,1,male,32.0,0,0,30.5,C,0,Dr,B,3,32.0,30.5
634,0,1,male,40.0,0,0,0.0,S,0,Mr,No_Cabin,4,40.0,0.0
635,0,3,female,9.0,3,2,27.9,S,5,Miss,No_Cabin,2,27.0,4.6499999999999995
636,1,2,female,28.0,0,0,13.0,S,0,Miss,No_Cabin,3,56.0,13.0
637,0,3,male,32.0,0,0,7.925,S,0,Mr,No_Cabin,3,96.0,7.925
638,0,2,male,31.0,1,1,26.25,S,2,Mr,No_Cabin,3,62.0,8.75
639,0,3,female,41.0,0,5,39.6875,S,5,Mr,No_Cabin,4,123.0,6.614583333333333
640,0,3,male,24.0,1,0,16.1,S,1,Mr,No_Cabin,3,72.0,8.05
641,0,3,male,20.0,0,0,7.8542,S,0,Mr,No_Cabin,3,60.0,7.8542
642,1,1,female,24.0,0,0,69.3,C,0,Mlle,B,3,24.0,69.3
643,0,3,female,2.0,3,2,27.9,S,5,Miss,No_Cabin,2,6.0,4.6499999999999995
644,1,3,male,24.0,0,0,56.4958,S,0,Mr,No_Cabin,3,72.0,56.4958
645,1,3,female,0.75,2,1,19.2583,C,3,Miss,No_Cabin,1,2.25,4.814575
646,1,1,male,48.0,1,0,76.7292,C,1,Mr,D,4,48.0,38.3646
647,0,3,male,19.0,0,0,7.8958,S,0,Mr,No_Cabin,2,57.0,7.8958
648,1,1,male,56.0,0,0,35.5,C,0,Col,A,4,56.0,35.5
649,0,3,male,24.0,0,0,7.55,S,0,Mr,No_Cabin,3,72.0,7.55
650,1,3,female,23.0,0,0,7.55,S,0,Miss,No_Cabin,3,69.0,7.55
651,0,3,male,24.0,0,0,7.8958,S,0,Mr,No_Cabin,3,72.0,7.8958
652,1,2,female,18.0,0,1,23.0,S,1,Miss,No_Cabin,2,36.0,11.5
653,0,3,male,21.0,0,0,8.4333,S,0,Mr,No_Cabin,3,63.0,8.4333
654,1,3,female,22.0,0,0,7.8292,Q,0,Miss,No_Cabin,3,66.0,7.8292
655,0,3,female,18.0,0,0,6.75,Q,0,Miss,No_Cabin,2,54.0,6.75
656,0,2,male,24.0,2,0,73.5,S,2,Mr,No_Cabin,3,48.0,24.5
657,0,3,male,24.0,0,0,7.8958,S,0,Mr,No_Cabin,3,72.0,7.8958
658,0,3,female,32.0,1,1,15.5,Q,2,Mr,No_Cabin,3,96.0,5.166666666666667
659,0,2,male,23.0,0,0,13.0,S,0,Mr,No_Cabin,3,46.0,13.0
660,0,1,male,58.0,0,2,113.275,C,2,Mr,D,4,58.0,37.75833333333333
661,1,1,male,50.0,2,0,133.65,S,2,Dr,No_Cabin,4,50.0,44.550000000000004
662,0,3,male,40.0,0,0,7.225,C,0,Mr,No_Cabin,4,120.0,7.225
663,0,1,male,47.0,0,0,25.5875,S,0,Mr,E,4,47.0,25.5875
664,0,3,male,36.0,0,0,7.4958,S,0,Mr,No_Cabin,3,108.0,7.4958
665,1,3,male,20.0,1,0,7.925,S,1,Mr,No_Cabin,3,60.0,3.9625
666,0,2,male,32.0,2,0,73.5,S,2,Mr,No_Cabin,3,64.0,24.5
667,0,2,male,25.0,0,0,13.0,S,0,Mr,No_Cabin,3,50.0,13.0
668,0,3,male,24.0,0,0,7.775,S,0,Mr,No_Cabin,3,72.0,7.775
669,0,3,male,43.0,0,0,8.05,S,0,Mr,No_Cabin,4,129.0,8.05
670,1,1,female,35.0,1,0,52.0,S,1,Mr,C,3,35.0,26.0
671,1,2,female,40.0,1,1,39.0,S,2,Mr,No_Cabin,4,80.0,13.0
672,0,1,male,31.0,1,0,52.0,S,1,Mr,B,3,31.0,26.0
673,0,2,male,70.0,0,0,10.5,S,0,Mr,No_Cabin,5,140.0,10.5
674,1,2,male,31.0,0,0,13.0,S,0,Mr,No_Cabin,3,62.0,13.0
675,0,2,male,30.0,0,0,0.0,S,0,Mr,No_Cabin,3,60.0,0.0
676,0,3,male,18.0,0,0,7.775,S,0,Mr,No_Cabin,2,54.0,7.775
677,0,3,male,24.5,0,0,8.05,S,0,Mr,No_Cabin,3,73.5,8.05
678,1,3,female,18.0,0,0,9.8417,S,0,Miss,No_Cabin,2,54.0,9.8417
679,0,3,female,43.0,1,6,46.9,S,7,Mr,No_Cabin,4,129.0,5.8625
680,1,1,male,36.0,0,1,512.3292,C,1,Mr,B,3,36.0,256.1646
681,0,3,female,22.0,0,0,8.1375,Q,0,Miss,No_Cabin,3,66.0,8.1375
682,1,1,male,27.0,0,0,76.7292,C,0,Mr,D,3,27.0,76.7292
683,0,3,male,20.0,0,0,9.225,S,0,Mr,No_Cabin,3,60.0,9.225
684,0,3,male,14.0,5,2,46.9,S,7,Mr,No_Cabin,2,42.0,5.8625
685,0,2,male,60.0,1,1,39.0,S,2,Mr,No_Cabin,5,120.0,13.0
686,0,2,male,25.0,1,2,41.5792,C,3,Mr,No_Cabin,3,50.0,10.3948
687,0,3,male,14.0,4,1,39.6875,S,5,Mr,No_Cabin,2,42.0,6.614583333333333
688,0,3,male,19.0,0,0,10.1708,S,0,Mr,No_Cabin,2,57.0,10.1708
689,0,3,male,18.0,0,0,7.7958,S,0,Mr,No_Cabin,2,54.0,7.7958
690,1,1,female,15.0,0,1,211.3375,S,1,Miss,B,2,15.0,105.66875
691,1,1,male,31.0,1,0,57.0,S,1,Mr,B,3,31.0,28.5
692,1,3,female,4.0,0,1,13.4167,C,1,Miss,No_Cabin,2,12.0,6.70835
693,1,3,male,24.0,0,0,56.4958,S,0,Mr,No_Cabin,3,72.0,56.4958
694,0,3,male,25.0,0,0,7.225,C,0,Mr,No_Cabin,3,75.0,7.225
695,0,1,male,60.0,0,0,26.55,S,0,Col,No_Cabin,5,60.0,26.55
696,0,2,male,52.0,0,0,13.5,S,0,Mr,No_Cabin,4,104.0,13.5
697,0,3,male,44.0,0,0,8.05,S,0,Mr,No_Cabin,4,132.0,8.05
698,1,3,female,22.0,0,0,7.7333,Q,0,Miss,No_Cabin,3,66.0,7.7333
699,0,1,male,49.0,1,1,110.8833,C,2,Mr,C,4,49.0,36.9611
700,0,3,male,42.0,0,0,7.65,S,0,Mr,F,4,126.0,7.65
701,1,1,female,18.0,1,0,227.525,C,1,Mr,C,2,18.0,113.7625
702,1,1,male,35.0,0,0,26.2875,S,0,Mr,E,3,35.0,26.2875
703,0,3,female,18.0,0,1,14.4542,C,1,Miss,No_Cabin,2,54.0,7.2271
704,0,3,male,25.0,0,0,7.7417,Q,0,Mr,No_Cabin,3,75.0,7.7417
705,0,3,male,26.0,1,0,7.8542,S,1,Mr,No_Cabin,3,78.0,3.9271
706,0,2,male,39.0,0,0,26.0,S,0,Mr,No_Cabin,3,78.0,26.0
707,1,2,female,45.0,0,0,13.5,S,0,Mr,No_Cabin,4,90.0,13.5
708,1,1,male,42.0,0,0,26.2875,S,0,Mr,E,4,42.0,26.2875
709,1,1,female,22.0,0,0,151.55,S,0,Miss,No_Cabin,3,22.0,151.55
710,1,3,male,24.0,1,1,15.2458,C,2,Master,No_Cabin,3,72.0,5.081933333333333
711,1,1,female,24.0,0,0,49.5042,C,0,Mr,C,3,24.0,49.5042
712,0,1,male,40.0,0,0,26.55,S,0,Mr,C,4,40.0,26.55
713,1,1,male,48.0,1,0,52.0,S,1,Mr,C,4,48.0,26.0
714,0,3,male,29.0,0,0,9.4833,S,0,Mr,No_Cabin,3,87.0,9.4833
715,0,2,male,52.0,0,0,13.0,S,0,Mr,No_Cabin,4,104.0,13.0
716,0,3,male,19.0,0,0,7.65,S,0,Mr,F,2,57.0,7.65
717,1,1,female,38.0,0,0,227.525,C,0,Miss,C,3,38.0,227.525
718,1,2,female,27.0,0,0,10.5,S,0,Miss,E,3,54.0,10.5
719,0,3,male,24.0,0,0,15.5,Q,0,Mr,No_Cabin,3,72.0,15.5
720,0,3,male,33.0,0,0,7.775,S,0,Mr,No_Cabin,3,99.0,7.775
721,1,2,female,6.0,0,1,33.0,S,1,Miss,No_Cabin,2,12.0,16.5
722,0,3,male,17.0,1,0,7.0542,S,1,Mr,No_Cabin,2,51.0,3.5271
723,0,2,male,34.0,0,0,13.0,S,0,Mr,No_Cabin,3,68.0,13.0
724,0,2,male,50.0,0,0,13.0,S,0,Mr,No_Cabin,4,100.0,13.0
725,1,1,male,27.0,1,0,53.1,S,1,Mr,E,3,27.0,26.55
726,0,3,male,20.0,0,0,8.6625,S,0,Mr,No_Cabin,3,60.0,8.6625
727,1,2,female,30.0,3,0,21.0,S,3,Mr,No_Cabin,3,60.0,5.25
728,1,3,female,22.0,0,0,7.7375,Q,0,Miss,No_Cabin,3,66.0,7.7375
729,0,2,male,25.0,1,0,26.0,S,1,Mr,No_Cabin,3,50.0,13.0
730,0,3,female,25.0,1,0,7.925,S,1,Miss,No_Cabin,3,75.0,3.9625
731,1,1,female,29.0,0,0,211.3375,S,0,Miss,B,3,29.0,211.3375
732,0,3,male,11.0,0,0,18.7875,C,0,Mr,No_Cabin,2,33.0,18.7875
733,0,2,male,30.0,0,0,0.0,S,0,Mr,No_Cabin,3,60.0,0.0
734,0,2,male,23.0,0,0,13.0,S,0,Mr,No_Cabin,3,46.0,13.0
735,0,2,male,23.0,0,0,13.0,S,0,Mr,No_Cabin,3,46.0,13.0
736,0,3,male,28.5,0,0,16.1,S,0,Mr,No_Cabin,3,85.5,16.1
737,0,3,female,48.0,1,3,34.375,S,4,Mr,No_Cabin,4,144.0,6.875
738,1,1,male,35.0,0,0,512.3292,C,0,Mr,B,3,35.0,512.3292
739,0,3,male,24.0,0,0,7.8958,S,0,Mr,No_Cabin,3,72.0,7.8958
740,0,3,male,24.0,0,0,7.8958,S,0,Mr,No_Cabin,3,72.0,7.8958
741,1,1,male,40.0,0,0,30.0,S,0,Mr,D,4,40.0,30.0
742,0,1,male,36.0,1,0,78.85,S,1,Mr,C,3,36.0,39.425
743,1,1,female,21.0,2,2,262.375,C,4,Miss,B,3,21.0,52.475
744,0,3,male,24.0,1,0,16.1,S,1,Mr,No_Cabin,3,72.0,8.05
745,1,3,male,31.0,0,0,7.925,S,0,Mr,No_Cabin,3,93.0,7.925
746,0,1,male,70.0,1,1,71.0,S,2,Capt,B,5,70.0,23.666666666666668
747,0,3,male,16.0,1,1,20.25,S,2,Mr,No_Cabin,2,48.0,6.75
748,1,2,female,30.0,0,0,13.0,S,0,Miss,No_Cabin,3,60.0,13.0
749,0,1,male,19.0,1,0,53.1,S,1,Mr,D,2,19.0,26.55
750,0,3,male,31.0,0,0,7.75,Q,0,Mr,No_Cabin,3,93.0,7.75
751,1,2,female,4.0,1,1,23.0,S,2,Miss,No_Cabin,2,8.0,7.666666666666667
752,1,3,male,6.0,0,1,12.475,S,1,Master,E,2,18.0,6.2375
753,0,3,male,33.0,0,0,9.5,S,0,Mr,No_Cabin,3,99.0,9.5
754,0,3,male,23.0,0,0,7.8958,S,0,Mr,No_Cabin,3,69.0,7.8958
755,1,2,female,48.0,1,2,65.0,S,3,Mr,No_Cabin,4,96.0,16.25
756,1,2,male,0.67,1,1,14.5,S,2,Master,No_Cabin,1,1.34,4.833333333333333
757,0,3,male,28.0,0,0,7.7958,S,0,Mr,No_Cabin,3,84.0,7.7958
758,0,2,male,18.0,0,0,11.5,S,0,Mr,No_Cabin,2,36.0,11.5
759,0,3,male,34.0,0,0,8.05,S,0,Mr,No_Cabin,3,102.0,8.05
760,1,1,female,33.0,0,0,86.5,S,0,Countess,B,3,33.0,86.5
761,0,3,male,24.0,0,0,14.5,S,0,Mr,No_Cabin,3,72.0,14.5
762,0,3,male,41.0,0,0,7.125,S,0,Mr,No_Cabin,4,123.0,7.125
763,1,3,male,20.0,0,0,7.2292,C,0,Mr,No_Cabin,3,60.0,7.2292
764,1,1,female,36.0,1,2,120.0,S,3,Mr,B,3,36.0,30.0
765,0,3,male,16.0,0,0,7.775,S,0,Mr,No_Cabin,2,48.0,7.775
766,1,1,female,51.0,1,0,77.9583,S,1,Mr,D,4,51.0,38.97915
767,0,1,male,40.0,0,0,39.6,C,0,Dr,No_Cabin,4,40.0,39.6
768,0,3,female,30.5,0,0,7.75,Q,0,Miss,No_Cabin,3,91.5,7.75
769,0,3,male,24.0,1,0,24.15,Q,1,Mr,No_Cabin,3,72.0,12.075
770,0,3,male,32.0,0,0,8.3625,S,0,Mr,No_Cabin,3,96.0,8.3625
771,0,3,male,24.0,0,0,9.5,S,0,Mr,No_Cabin,3,72.0,9.5
772,0,3,male,48.0,0,0,7.8542,S,0,Mr,No_Cabin,4,144.0,7.8542
773,0,2,female,57.0,0,0,10.5,S,0,Mr,E,4,114.0,10.5
774,0,3,male,24.0,0,0,7.225,C,0,Mr,No_Cabin,3,72.0,7.225
775,1,2,female,54.0,1,3,23.0,S,4,Mr,No_Cabin,4,108.0,4.6
776,0,3,male,18.0,0,0,7.75,S,0,Mr,No_Cabin,2,54.0,7.75
777,0,3,male,24.0,0,0,7.75,Q,0,Mr,F,3,72.0,7.75
778,1,3,female,5.0,0,0,12.475,S,0,Miss,No_Cabin,2,15.0,12.475
779,0,3,male,24.0,0,0,7.7375,Q,0,Mr,No_Cabin,3,72.0,7.7375
780,1,1,female,43.0,0,1,211.3375,S,1,Mr,B,4,43.0,105.66875
781,1,3,female,13.0,0,0,7.2292,C,0,Miss,No_Cabin,2,39.0,7.2292
782,1,1,female,17.0,1,0,57.0,S,1,Mr,B,2,17.0,28.5
783,0,1,male,29.0,0,0,30.0,S,0,Mr,D,3,29.0,30.0
784,0,3,male,24.0,1,2,23.45,S,3,Mr,No_Cabin,3,72.0,5.8625
785,0,3,male,25.0,0,0,7.05,S,0,Mr,No_Cabin,3,75.0,7.05
786,0,3,male,25.0,0,0,7.25,S,0,Mr,No_Cabin,3,75.0,7.25
787,1,3,female,18.0,0,0,7.4958,S,0,Miss,No_Cabin,2,54.0,7.4958
788,0,3,male,8.0,4,1,29.125,Q,5,Master,No_Cabin,2,24.0,4.854166666666667
789,1,3,male,1.0,1,2,20.575,S,3,Master,No_Cabin,1,3.0,5.14375
790,0,1,male,46.0,0,0,79.2,C,0,Mr,B,4,46.0,79.2
791,0,3,male,24.0,0,0,7.75,Q,0,Mr,No_Cabin,3,72.0,7.75
792,0,2,male,16.0,0,0,26.0,S,0,Mr,No_Cabin,2,32.0,26.0
793,0,3,female,22.0,8,2,69.55,S,10,Miss,No_Cabin,3,66.0,6.322727272727272
794,0,1,male,40.0,0,0,30.6958,C,0,Mr,No_Cabin,4,40.0,30.6958
795,0,3,male,25.0,0,0,7.8958,S,0,Mr,No_Cabin,3,75.0,7.8958
796,0,2,male,39.0,0,0,13.0,S,0,Mr,No_Cabin,3,78.0,13.0
797,1,1,female,49.0,0,0,25.9292,S,0,Dr,D,4,49.0,25.9292
798,1,3,female,31.0,0,0,8.6833,S,0,Mr,No_Cabin,3,93.0,8.6833
799,0,3,male,30.0,0,0,7.2292,C,0,Mr,No_Cabin,3,90.0,7.2292
800,0,3,female,30.0,1,1,24.15,S,2,Mr,No_Cabin,3,90.0,8.049999999999999
801,0,2,male,34.0,0,0,13.0,S,0,Mr,No_Cabin,3,68.0,13.0
802,1,2,female,31.0,1,1,26.25,S,2,Mr,No_Cabin,3,62.0,8.75
803,1,1,male,11.0,1,2,120.0,S,3,Master,B,2,11.0,30.0
804,1,3,male,0.42,0,1,8.5167,C,1,Master,No_Cabin,1,1.26,4.25835
805,1,3,male,27.0,0,0,6.975,S,0,Mr,No_Cabin,3,81.0,6.975
806,0,3,male,31.0,0,0,7.775,S,0,Mr,No_Cabin,3,93.0,7.775
807,0,1,male,39.0,0,0,0.0,S,0,Mr,A,3,39.0,0.0
808,0,3,female,18.0,0,0,7.775,S,0,Miss,No_Cabin,2,54.0,7.775
809,0,2,male,39.0,0,0,13.0,S,0,Mr,No_Cabin,3,78.0,13.0
810,1,1,female,33.0,1,0,53.1,S,1,Mr,E,3,33.0,26.55
811,0,3,male,26.0,0,0,7.8875,S,0,Mr,No_Cabin,3,78.0,7.8875
812,0,3,male,39.0,0,0,24.15,S,0,Mr,No_Cabin,3,117.0,24.15
813,0,2,male,35.0,0,0,10.5,S,0,Mr,No_Cabin,3,70.0,10.5
814,0,3,female,6.0,4,2,31.275,S,6,Miss,No_Cabin,2,18.0,4.4678571428571425
815,0,3,male,30.5,0,0,8.05,S,0,Mr,No_Cabin,3,91.5,8.05
816,0,1,male,40.0,0,0,0.0,S,0,Mr,B,4,40.0,0.0
817,0,3,female,23.0,0,0,7.925,S,0,Miss,No_Cabin,3,69.0,7.925
818,0,2,male,31.0,1,1,37.0042,C,2,Mr,No_Cabin,3,62.0,12.334733333333332
819,0,3,male,43.0,0,0,6.45,S,0,Mr,No_Cabin,4,129.0,6.45
820,0,3,male,10.0,3,2,27.9,S,5,Master,No_Cabin,2,30.0,4.6499999999999995
821,1,1,female,52.0,1,1,93.5,S,2,Mr,B,4,52.0,31.166666666666668
822,1,3,male,27.0,0,0,8.6625,S,0,Mr,No_Cabin,3,81.0,8.6625
823,0,1,male,38.0,0,0,0.0,S,0,Jonkheer,No_Cabin,3,38.0,0.0
824,1,3,female,27.0,0,1,12.475,S,1,Mr,E,3,81.0,6.2375
825,0,3,male,2.0,4,1,39.6875,S,5,Master,No_Cabin,2,6.0,6.614583333333333
826,0,3,male,24.0,0,0,6.95,Q,0,Mr,No_Cabin,3,72.0,6.95
827,0,3,male,24.0,0,0,56.4958,S,0,Mr,No_Cabin,3,72.0,56.4958
828,1,2,male,1.0,0,2,37.0042,C,2,Master,No_Cabin,1,2.0,12.334733333333332
829,1,3,male,24.0,0,0,7.75,Q,0,Mr,No_Cabin,3,72.0,7.75
830,1,1,female,62.0,0,0,80.0,Q,0,Mr,B,5,62.0,80.0
831,1,3,female,15.0,1,0,14.4542,C,1,Mr,No_Cabin,2,45.0,7.2271
832,1,2,male,0.83,1,1,18.75,S,2,Master,No_Cabin,1,1.66,6.25
833,0,3,male,24.0,0,0,7.2292,C,0,Mr,No_Cabin,3,72.0,7.2292
834,0,3,male,23.0,0,0,7.8542,S,0,Mr,No_Cabin,3,69.0,7.8542
835,0,3,male,18.0,0,0,8.3,S,0,Mr,No_Cabin,2,54.0,8.3
836,1,1,female,39.0,1,1,83.1583,C,2,Miss,E,3,39.0,27.71943333333333
837,0,3,male,21.0,0,0,8.6625,S,0,Mr,No_Cabin,3,63.0,8.6625
838,0,3,male,24.0,0,0,8.05,S,0,Mr,No_Cabin,3,72.0,8.05
839,1,3,male,32.0,0,0,56.4958,S,0,Mr,No_Cabin,3,96.0,56.4958
840,1,1,male,40.0,0,0,29.7,C,0,Mr,C,4,40.0,29.7
841,0,3,male,20.0,0,0,7.925,S,0,Mr,No_Cabin,3,60.0,7.925
842,0,2,male,16.0,0,0,10.5,S,0,Mr,No_Cabin,2,32.0,10.5
843,1,1,female,30.0,0,0,31.0,C,0,Miss,No_Cabin,3,30.0,31.0
844,0,3,male,34.5,0,0,6.4375,C,0,Mr,No_Cabin,3,103.5,6.4375
845,0,3,male,17.0,0,0,8.6625,S,0,Mr,No_Cabin,2,51.0,8.6625
846,0,3,male,42.0,0,0,7.55,S,0,Mr,No_Cabin,4,126.0,7.55
847,0,3,male,24.0,8,2,69.55,S,10,Mr,No_Cabin,3,72.0,6.322727272727272
848,0,3,male,35.0,0,0,7.8958,C,0,Mr,No_Cabin,3,105.0,7.8958
849,0,2,male,28.0,0,1,33.0,S,1,Rev,No_Cabin,3,56.0,16.5
850,1,1,female,35.0,1,0,89.1042,C,1,Mr,C,3,35.0,44.5521
851,0,3,male,4.0,4,2,31.275,S,6,Master,No_Cabin,2,12.0,4.4678571428571425
852,0,3,male,74.0,0,0,7.775,S,0,Mr,No_Cabin,5,222.0,7.775
853,0,3,female,9.0,1,1,15.2458,C,2,Miss,No_Cabin,2,27.0,5.081933333333333
854,1,1,female,16.0,0,1,39.4,S,1,Miss,D,2,16.0,19.7
855,0,2,female,44.0,1,0,26.0,S,1,Mr,No_Cabin,4,88.0,13.0
856,1,3,female,18.0,0,1,9.35,S,1,Mr,No_Cabin,2,54.0,4.675
857,1,1,female,45.0,1,1,164.8667,S,2,Mr,No_Cabin,4,45.0,54.95556666666667
858,1,1,male,51.0,0,0,26.55,S,0,Mr,E,4,51.0,26.55
859,1,3,female,24.0,0,3,19.2583,C,3,Mr,No_Cabin,3,72.0,4.814575
860,0,3,male,24.0,0,0,7.2292,C,0,Mr,No_Cabin,3,72.0,7.2292
861,0,3,male,41.0,2,0,14.1083,S,2,Mr,No_Cabin,4,123.0,4.702766666666666
862,0,2,male,21.0,1,0,11.5,S,1,Mr,No_Cabin,3,42.0,5.75
863,1,1,female,48.0,0,0,25.9292,S,0,Mr,D,4,48.0,25.9292
864,0,3,female,22.0,8,2,69.55,S,10,Miss,No_Cabin,3,66.0,6.322727272727272
865,0,2,male,24.0,0,0,13.0,S,0,Mr,No_Cabin,3,48.0,13.0
866,1,2,female,42.0,0,0,13.0,S,0,Mr,No_Cabin,4,84.0,13.0
867,1,2,female,27.0,1,0,13.8583,C,1,Miss,No_Cabin,3,54.0,6.92915
868,0,1,male,31.0,0,0,50.4958,S,0,Mr,A,3,31.0,50.4958
869,0,3,male,24.0,0,0,9.5,S,0,Mr,No_Cabin,3,72.0,9.5
870,1,3,male,4.0,1,1,11.1333,S,2,Master,No_Cabin,2,12.0,3.7111
871,0,3,male,26.0,0,0,7.8958,S,0,Mr,No_Cabin,3,78.0,7.8958
872,1,1,female,47.0,1,1,52.5542,S,2,Mr,D,4,47.0,17.518066666666666
873,0,1,male,33.0,0,0,5.0,S,0,Mr,B,3,33.0,5.0
874,0,3,male,47.0,0,0,9.0,S,0,Mr,No_Cabin,4,141.0,9.0
875,1,2,female,28.0,1,0,24.0,C,1,Mr,No_Cabin,3,56.0,12.0
876,1,3,female,15.0,0,0,7.225,C,0,Miss,No_Cabin,2,45.0,7.225
877,0,3,male,20.0,0,0,9.8458,S,0,Mr,No_Cabin,3,60.0,9.8458
878,0,3,male,19.0,0,0,7.8958,S,0,Mr,No_Cabin,2,57.0,7.8958
879,0,3,male,24.0,0,0,7.8958,S,0,Mr,No_Cabin,3,72.0,7.8958
880,1,1,female,56.0,0,1,83.1583,C,1,Mr,C,4,56.0,41.57915
881,1,2,female,25.0,0,1,26.0,S,1,Mr,No_Cabin,3,50.0,13.0
882,0,3,male,33.0,0,0,7.8958,S,0,Mr,No_Cabin,3,99.0,7.8958
883,0,3,female,22.0,0,0,10.5167,S,0,Miss,No_Cabin,3,66.0,10.5167
884,0,2,male,28.0,0,0,10.5,S,0,Mr,No_Cabin,3,56.0,10.5
885,0,3,male,25.0,0,0,7.05,S,0,Mr,No_Cabin,3,75.0,7.05
886,0,3,female,39.0,0,5,29.125,Q,5,Mr,No_Cabin,3,117.0,4.854166666666667
887,0,2,male,27.0,0,0,13.0,S,0,Rev,No_Cabin,3,54.0,13.0
888,1,1,female,19.0,0,0,30.0,S,0,Miss,B,2,19.0,30.0
889,0,3,female,22.0,1,2,23.45,S,3,Miss,No_Cabin,3,66.0,5.8625
890,1,1,male,26.0,0,0,30.0,C,0,Mr,C,3,26.0,30.0
891,0,3,male,32.0,0,0,7.75,Q,0,Mr,No_Cabin,3,96.0,7.75
